angle,label,score
0,Drawing,0.911676287651062
0,Horse,0.903384268283844
0,Head,0.8901773691177368
0,Sketch,0.8437027931213379
0,Art,0.7478176951408386
0,Fictional character,0.6729325652122498
0,Illustration,0.6688148975372314
0,Mane,0.6673234701156616
0,Stallion,0.6494641900062561
0,Modern art,0.6086732149124146
1,Horse,0.9491533637046814
1,Drawing,0.941653311252594
1,Head,0.8984001874923706
1,Sketch,0.8879837393760681
1,Mane,0.7915138602256775
1,Stallion,0.7444605231285095
1,Illustration,0.7095673680305481
1,Art,0.6946530342102051
1,Mustang horse,0.6796332597732544
1,Modern art,0.644550085067749
2,Horse,0.9505910277366638
2,Drawing,0.9282562136650085
2,Head,0.9096837043762207
2,Sketch,0.873466432094574
2,Mane,0.8172611594200134
2,Stallion,0.7328007817268372
2,Mustang horse,0.721219539642334
2,Illustration,0.6554555892944336
2,Art,0.655128538608551
2,Modern art,0.6379411220550537
3,Horse,0.9419549107551575
3,Drawing,0.9162883758544922
3,Head,0.9080222845077515
3,Sketch,0.8528682589530945
3,Nose,0.8419631719589233
3,Mane,0.7409822940826416
3,Stallion,0.7243291735649109
3,Illustration,0.6806615591049194
3,Mustang horse,0.6693941354751587
3,Art,0.6253476738929749
4,Horse,0.9303457736968994
4,Drawing,0.9288704991340637
4,Head,0.9039563536643982
4,Sketch,0.8912155628204346
4,Mane,0.7367652654647827
4,Stallion,0.7087083458900452
4,Illustration,0.6912711262702942
4,Art,0.6772549152374268
4,Modern art,0.6686608791351318
4,Artwork,0.6493663191795349
5,Horse,0.9477154016494751
5,Drawing,0.9123437404632568
5,Head,0.9061321020126343
5,Sketch,0.86643385887146
5,Mane,0.7703628540039062
5,Stallion,0.7394893169403076
5,Mustang horse,0.698948085308075
5,Illustration,0.6806615591049194
5,Art,0.655128538608551
5,Mare,0.6390285491943359
6,Head,0.8947408199310303
6,Drawing,0.8609514236450195
6,Sketch,0.7996058464050293
6,Horse,0.7957040071487427
6,Illustration,0.6912711262702942
6,Art,0.655128538608551
6,Stallion,0.6016049981117249
6,Modern art,0.5639094710350037
6,Mane,0.5500280857086182
6,Mustang horse,0.538050651550293
7,Head,0.8984001874923706
7,Drawing,0.871261715888977
7,Sketch,0.8354599475860596
7,Illustration,0.7316700220108032
7,Art,0.7207983136177063
7,Modern art,0.6086732149124146
7,Horse,0.5740323066711426
7,Artwork,0.5433015823364258
8,Head,0.9080222845077515
8,Drawing,0.8945257067680359
8,Horse,0.8592600226402283
8,Sketch,0.8489958047866821
8,Nose,0.8419631719589233
8,Illustration,0.7493422031402588
8,Art,0.7399447560310364
8,Mane,0.6255647540092468
8,Modern art,0.6239132285118103
8,Stallion,0.6208444833755493
9,Head,0.9039563536643982
9,Drawing,0.8401148915290833
9,Sketch,0.7906739115715027
9,Horse,0.7780503034591675
9,Art,0.7088651061058044
9,Illustration,0.7008524537086487
9,Stallion,0.6114016175270081
9,Wood,0.5958532094955444
9,Mustang horse,0.5673904418945312
9,Mane,0.5344477295875549
10,Head,0.9080222845077515
10,Drawing,0.8164358735084534
10,Sketch,0.731535792350769
10,Art,0.7207983136177063
10,Illustration,0.7095673680305481
10,Horse,0.6118180751800537
10,Modern art,0.518736720085144
11,Head,0.8984001874923706
11,Drawing,0.8387206792831421
11,Sketch,0.7582741975784302
11,Art,0.7548457980155945
11,Illustration,0.7008524537086487
11,Modern art,0.6164556741714478
11,Horse,0.5784614086151123
11,Artwork,0.5519563555717468
11,Stallion,0.5294837951660156
11,Fictional character,0.5279175639152527
12,Head,0.9039563536643982
12,Nose,0.8419631719589233
12,Drawing,0.8250590562820435
12,Sketch,0.753728449344635
12,Illustration,0.7316700220108032
12,Art,0.7207983136177063
12,Artwork,0.5337058305740356
12,Fictional character,0.5279175639152527
12,Modern art,0.518736720085144
13,Head,0.9166451692581177
13,Drawing,0.8414872288703918
13,Horse,0.8376321196556091
13,Sketch,0.7626960277557373
13,Illustration,0.7544986605644226
13,Art,0.7207983136177063
13,Stallion,0.647361695766449
13,Mustang horse,0.6446987390518188
13,Wood,0.5958532094955444
13,Mane,0.578219473361969
14,Head,0.9136703014373779
14,Horse,0.9064565300941467
14,Drawing,0.8587399125099182
14,Sketch,0.797857940196991
14,Illustration,0.7095673680305481
14,Mustang horse,0.7080861330032349
14,Stallion,0.6637853384017944
14,Art,0.655128538608551
14,Mane,0.6290799379348755
14,Fictional character,0.5859824419021606
15,Head,0.9174805283546448
15,Horse,0.8924455642700195
15,Drawing,0.849298357963562
15,Sketch,0.8129605054855347
15,Mustang horse,0.7590334415435791
15,Illustration,0.7316700220108032
15,Stallion,0.6979768872261047
15,Mane,0.6673234701156616
15,Art,0.6253476738929749
15,Wood,0.5958532094955444
16,Head,0.8947408199310303
16,Horse,0.78700852394104
16,Drawing,0.760521650314331
16,Sketch,0.693024754524231
16,Illustration,0.6688148975372314
16,Mustang horse,0.6040202379226685
16,Stallion,0.5940030217170715
16,Wildlife,0.5761504173278809
16,Mane,0.5692198872566223
16,Fictional character,0.5279175639152527
17,Head,0.8947408199310303
17,Drawing,0.8027489185333252
17,Sketch,0.7812252640724182
17,Illustration,0.6688148975372314
17,Art,0.655128538608551
17,Horse,0.6455111503601074
17,Wood,0.5958532094955444
17,Wildlife,0.5761504173278809
17,Fictional character,0.5279175639152527
17,Stallion,0.5191066265106201
18,Head,0.8842743635177612
18,Drawing,0.7730106115341187
18,Sketch,0.75601726770401
18,Art,0.655128538608551
18,Illustration,0.6225569844245911
18,Wildlife,0.5761504173278809
19,Head,0.8762359619140625
19,Drawing,0.760521650314331
19,Sketch,0.7582741975784302
19,Illustration,0.5765818953514099
19,Wildlife,0.5761504173278809
19,Art,0.502187192440033
20,Head,0.8901773691177368
20,Drawing,0.7638013362884521
20,Sketch,0.7626960277557373
20,Illustration,0.5765818953514099
20,Wildlife,0.5761504173278809
20,Ear,0.5123199820518494
20,Art,0.502187192440033
21,Head,0.8842743635177612
21,Drawing,0.7293345928192139
21,Sketch,0.7206135392189026
21,Illustration,0.6225569844245911
21,Art,0.5813031792640686
22,Head,0.8901773691177368
22,Drawing,0.7758903503417969
22,Sketch,0.7648624777793884
22,Illustration,0.6554555892944336
22,Art,0.5813031792640686
23,Sketch,0.8113487362861633
23,Drawing,0.8108260035514832
23,Illustration,0.6017356514930725
23,Rock,0.5422748923301697
23,Art,0.502187192440033
24,Drawing,0.8108260035514832
24,Sketch,0.801335334777832
24,Illustration,0.5765818953514099
24,Rock,0.5422748923301697
25,Drawing,0.844169020652771
25,Sketch,0.8238298296928406
25,Tree,0.6869218349456787
25,Art,0.5813031792640686
25,Illustration,0.5765818953514099
25,Rock,0.5422748923301697
26,Head,0.8842743635177612
26,Sketch,0.7888275384902954
26,Drawing,0.7638013362884521
26,Wildlife,0.6762316226959229
26,Illustration,0.5451834201812744
26,Art,0.502187192440033
27,Head,0.8762359619140625
27,Sketch,0.804740846157074
27,Drawing,0.7890833616256714
27,Wildlife,0.6762316226959229
27,Illustration,0.5451834201812744
28,Head,0.8901773691177368
28,Drawing,0.7246490716934204
28,Sketch,0.6754698753356934
28,Horse,0.6726329326629639
28,Illustration,0.6017356514930725
28,Wood,0.5958532094955444
28,Wildlife,0.5761504173278809
29,Drawing,0.7246490716934204
29,Sketch,0.6862205266952515
29,Illustration,0.6017356514930725
29,Wildlife,0.5761504173278809
30,Head,0.8901773691177368
30,Drawing,0.8313954472541809
30,Sketch,0.814556896686554
30,Illustration,0.6225569844245911
30,Wildlife,0.5761504173278809
30,Art,0.502187192440033
31,Drawing,0.760521650314331
31,Sketch,0.7206135392189026
31,Illustration,0.6225569844245911
31,Rock,0.5422748923301697
31,Art,0.502187192440033
32,Drawing,0.7915089130401611
32,Sketch,0.7605001926422119
32,Rock,0.6438128352165222
32,Illustration,0.6225569844245911
32,Wildlife,0.5761504173278809
33,Head,0.8762359619140625
33,Drawing,0.832910418510437
33,Sketch,0.8129605054855347
33,Illustration,0.6225569844245911
33,Art,0.5813031792640686
33,Rock,0.5422748923301697
34,Head,0.8842743635177612
34,Drawing,0.852958083152771
34,Sketch,0.8476868271827698
34,Hand,0.6600293517112732
34,Illustration,0.6554555892944336
34,Art,0.5813031792640686
34,Pattern,0.5630630254745483
34,Rock,0.5422748923301697
35,Head,0.8762359619140625
35,Drawing,0.8480438590049744
35,Sketch,0.8311896324157715
35,Illustration,0.6225569844245911
35,Art,0.5813031792640686
36,Head,0.8842743635177612
36,Drawing,0.862036943435669
36,Sketch,0.8603838086128235
36,Illustration,0.6554555892944336
36,Wildlife,0.5761504173278809
36,Art,0.502187192440033
37,Head,0.8762359619140625
37,Drawing,0.8428384065628052
37,Sketch,0.8253272175788879
37,Illustration,0.6912711262702942
37,Art,0.502187192440033
38,Drawing,0.8250590562820435
38,Sketch,0.8097212314605713
38,Illustration,0.6806615591049194
38,Wood,0.5958532094955444
39,Head,0.8762359619140625
39,Sketch,0.8515863418579102
39,Drawing,0.8428384065628052
39,Illustration,0.7008524537086487
39,Art,0.5813031792640686
40,Sketch,0.8868975043296814
40,Drawing,0.8702816367149353
40,Illustration,0.7175435423851013
40,Tree,0.6869218349456787
40,Rock,0.6438128352165222
40,Art,0.502187192440033
41,Sketch,0.9078872203826904
41,Drawing,0.9012458920478821
41,Head,0.8901773691177368
41,Illustration,0.7095673680305481
41,Art,0.5813031792640686
41,Fictional character,0.5279175639152527
41,Artwork,0.5229488015174866
42,Sketch,0.8912155628204346
42,Drawing,0.8805356025695801
42,Illustration,0.7008524537086487
42,Hand,0.6600293517112732
42,Art,0.6253476738929749
42,Artwork,0.5433015823364258
42,Rock,0.5422748923301697
42,Fictional character,0.5279175639152527
43,Sketch,0.8890653848648071
43,Drawing,0.8865323662757874
43,Head,0.8762359619140625
43,Illustration,0.6912711262702942
43,Art,0.655128538608551
43,Pattern,0.5630630254745483
43,Fictional character,0.5279175639152527
43,Artwork,0.5229488015174866
44,Sketch,0.9169636964797974
44,Drawing,0.9055202007293701
44,Head,0.8842743635177612
44,Hand,0.6969173550605774
44,Illustration,0.6912711262702942
44,Art,0.6253476738929749
44,Pattern,0.5630630254745483
44,Facial hair,0.5552889108657837
44,Fictional character,0.5279175639152527
44,Artwork,0.5229488015174866
45,Sketch,0.8954664468765259
45,Drawing,0.8805356025695801
45,Yellow,0.8363301753997803
45,Design,0.7203227281570435
45,Illustration,0.6402102112770081
45,Pattern,0.6189838647842407
45,Art,0.5813031792640686
45,Rock,0.5422748923301697
46,Sketch,0.8463684320449829
46,Drawing,0.8358637690544128
46,Design,0.7203227281570435
46,Pattern,0.6189838647842407
46,Illustration,0.6017356514930725
46,Wood,0.5958532094955444
46,Art,0.5813031792640686
46,Rock,0.5422748923301697
47,Sketch,0.8382502198219299
47,Drawing,0.828284502029419
47,Illustration,0.6225569844245911
47,Art,0.5813031792640686
47,Rock,0.5422748923301697
47,Fictional character,0.5279175639152527
48,Drawing,0.8553162813186646
48,Sketch,0.8502956032752991
48,Illustration,0.6554555892944336
48,Art,0.5813031792640686
48,Pattern,0.5630630254745483
48,Fictional character,0.5279175639152527
49,Sketch,0.8541415333747864
49,Drawing,0.8428384065628052
49,Illustration,0.6806615591049194
49,Wood,0.6534817218780518
49,Art,0.5813031792640686
49,Pattern,0.5630630254745483
49,Fictional character,0.5279175639152527
50,Drawing,0.8609514236450195
50,Sketch,0.839629054069519
50,Illustration,0.6806615591049194
50,Wood,0.5958532094955444
50,Art,0.5813031792640686
50,Pattern,0.5630630254745483
50,Fictional character,0.5279175639152527
51,Drawing,0.8692909479141235
51,Sketch,0.8640356659889221
51,Illustration,0.6225569844245911
51,Wood,0.5958532094955444
51,Pattern,0.5630630254745483
51,Trunk,0.5200017690658569
52,Sketch,0.8223191499710083
52,Drawing,0.8199871778488159
52,Wood,0.6534817218780518
52,Illustration,0.6017356514930725
52,Pattern,0.5630630254745483
53,Drawing,0.8006102442741394
53,Sketch,0.7960912585258484
53,Illustration,0.6806615591049194
53,Wood,0.5958532094955444
53,Art,0.5813031792640686
53,Pattern,0.5630630254745483
54,Sketch,0.8177047967910767
54,Drawing,0.8146051168441772
54,Illustration,0.6225569844245911
54,Art,0.5813031792640686
54,Pattern,0.5630630254745483
55,Sketch,0.8591513633728027
55,Drawing,0.852958083152771
55,Rock,0.6981205940246582
55,Illustration,0.6225569844245911
55,Trunk,0.6207850575447083
55,Wood,0.5958532094955444
55,Pattern,0.5630630254745483
56,Drawing,0.828284502029419
56,Sketch,0.814556896686554
56,Illustration,0.6554555892944336
56,Rock,0.6438128352165222
56,Wood,0.5958532094955444
56,Art,0.5813031792640686
56,Pattern,0.5630630254745483
56,Trunk,0.5469489693641663
56,Fictional character,0.5279175639152527
57,Sketch,0.8603838086128235
57,Drawing,0.8454797267913818
57,Design,0.7203227281570435
57,Pattern,0.6189838647842407
57,Illustration,0.6017356514930725
57,Wood,0.5958532094955444
57,Art,0.5813031792640686
57,Trunk,0.5200017690658569
58,Sketch,0.8579110503196716
58,Drawing,0.8480438590049744
58,Tree,0.7469744682312012
58,Rock,0.6438128352165222
58,Illustration,0.6402102112770081
58,Trunk,0.6341295838356018
58,Branch,0.6203985214233398
58,Pattern,0.6189838647842407
58,Wood,0.5958532094955444
59,Sketch,0.8768982887268066
59,Drawing,0.8587399125099182
59,Tree,0.7469744682312012
59,Wood,0.6917140483856201
59,Trunk,0.6670812368392944
59,Illustration,0.6554555892944336
59,Rock,0.6438128352165222
59,Pattern,0.5630630254745483
60,Sketch,0.8699795007705688
60,Drawing,0.8541450500488281
60,Tree,0.7469744682312012
60,Design,0.7203227281570435
60,Wood,0.6917140483856201
60,Illustration,0.6225569844245911
60,Pattern,0.6189838647842407
60,Trunk,0.5469489693641663
61,Sketch,0.8813943862915039
61,Drawing,0.8672768473625183
61,Wood,0.6534817218780518
61,Illustration,0.6225569844245911
61,Pattern,0.5630630254745483
62,Sketch,0.8591513633728027
62,Drawing,0.8553162813186646
62,Rock,0.7335856556892395
62,Wood,0.6534817218780518
62,Trunk,0.6461594104766846
62,Pattern,0.6189838647842407
62,Illustration,0.5765818953514099
63,Sketch,0.8528682589530945
63,Drawing,0.8387206792831421
63,Tree,0.7469744682312012
63,Rock,0.6981205940246582
63,Wood,0.6917140483856201
63,Room,0.6566392779350281
63,Trunk,0.6341295838356018
63,Illustration,0.6225569844245911
63,Art,0.5813031792640686
63,Pattern,0.5630630254745483
64,Drawing,0.8414872288703918
64,Sketch,0.8368605971336365
64,Tree,0.7469744682312012
64,Rock,0.6981205940246582
64,Trunk,0.6670812368392944
64,Wood,0.6534817218780518
64,Illustration,0.6017356514930725
65,Drawing,0.8517550230026245
65,Sketch,0.8463684320449829
65,Leaf,0.7594611644744873
65,Tree,0.7469744682312012
65,Wood,0.6917140483856201
65,Trunk,0.6670812368392944
65,Rock,0.6438128352165222
65,Illustration,0.6225569844245911
66,Drawing,0.8234007358551025
66,Sketch,0.8129605054855347
66,Leaf,0.7594611644744873
66,Tree,0.7469744682312012
66,Wood,0.6534817218780518
66,Rock,0.6438128352165222
66,Illustration,0.6402102112770081
66,Trunk,0.6058474779129028
66,Pattern,0.5630630254745483
67,Sketch,0.8566627502441406
67,Drawing,0.8467711210250854
67,Leaf,0.8058615326881409
67,Rock,0.6438128352165222
67,Illustration,0.6225569844245911
67,Wood,0.5958532094955444
67,Trunk,0.5889434814453125
67,Art,0.5813031792640686
67,Pattern,0.5630630254745483
68,Drawing,0.8217105269432068
68,Sketch,0.8207949995994568
68,Tree,0.7469744682312012
68,Rock,0.6438128352165222
68,Branch,0.6203985214233398
68,Trunk,0.6058474779129028
68,Wood,0.5958532094955444
68,Illustration,0.5765818953514099
68,Pattern,0.5630630254745483
68,Art,0.502187192440033
69,Leaf,0.8058615326881409
69,Sketch,0.801335334777832
69,Drawing,0.7984194755554199
69,Rock,0.6981205940246582
69,Wood,0.6534817218780518
69,Pattern,0.6189838647842407
69,Illustration,0.5765818953514099
69,Beige,0.5484284162521362
69,Trunk,0.5469489693641663
69,Art,0.502187192440033
70,Sketch,0.8423551321029663
70,Drawing,0.8266866207122803
70,Rock,0.6981205940246582
70,Wood,0.6917140483856201
70,Trunk,0.6461594104766846
70,Illustration,0.5451834201812744
70,Art,0.502187192440033
71,Drawing,0.828284502029419
71,Sketch,0.8253272175788879
71,Leaf,0.7594611644744873
71,Wood,0.7410978674888611
71,Rock,0.6981205940246582
71,Branch,0.6203985214233398
71,Pattern,0.6189838647842407
71,Art,0.5813031792640686
71,Trunk,0.5469489693641663
71,Illustration,0.5451834201812744
72,Drawing,0.7840303778648376
72,Sketch,0.7831593751907349
72,Tree,0.7469744682312012
72,Wood,0.6917140483856201
72,Room,0.6566392779350281
72,Rock,0.6438128352165222
72,Trunk,0.5889434814453125
72,Art,0.5813031792640686
72,Illustration,0.5765818953514099
73,Drawing,0.757125735282898
73,Sketch,0.7341562509536743
73,Wood,0.7195796966552734
73,Rock,0.6438128352165222
73,Trunk,0.6058474779129028
73,Illustration,0.6017356514930725
73,Art,0.5813031792640686
73,Fictional character,0.5279175639152527
74,Wood,0.6917140483856201
74,Drawing,0.6608409881591797
74,Sketch,0.5973607301712036
74,Trunk,0.5889434814453125
74,Illustration,0.5765818953514099
74,Beige,0.5484284162521362
74,Art,0.502187192440033
75,Drawing,0.6909903883934021
75,Tree,0.6869218349456787
75,Wood,0.6534817218780518
75,Sketch,0.6338061094284058
75,Illustration,0.6225569844245911
75,Beige,0.5993316173553467
75,Art,0.5813031792640686
75,Trunk,0.5469489693641663
75,Rock,0.5422748923301697
76,Wood,0.6917140483856201
76,Drawing,0.6909903883934021
76,Headgear,0.6747809648513794
76,Sketch,0.6599893569946289
76,Trunk,0.6341295838356018
76,Illustration,0.6017356514930725
76,Beige,0.5484284162521362
76,Art,0.502187192440033
77,Tree,0.6869218349456787
77,Drawing,0.6691721677780151
77,Wood,0.6534817218780518
77,Trunk,0.6341295838356018
77,Illustration,0.6225569844245911
77,Sketch,0.6138961315155029
77,Table,0.5864706635475159
77,Beige,0.5484284162521362
77,Rock,0.5422748923301697
77,Art,0.502187192440033
78,Drawing,0.7499530911445618
78,Sketch,0.7177655696868896
78,Tree,0.6869218349456787
78,Trunk,0.6058474779129028
78,Wood,0.5958532094955444
78,Illustration,0.5765818953514099
78,Rock,0.5422748923301697
78,Art,0.502187192440033
79,Drawing,0.7813957333564758
79,Sketch,0.7626960277557373
79,Tree,0.6869218349456787
79,Wood,0.6534817218780518
79,Rock,0.6438128352165222
79,Trunk,0.6058474779129028
79,Illustration,0.5765818953514099
79,Beige,0.5484284162521362
79,Art,0.502187192440033
80,Drawing,0.8505352139472961
80,Sketch,0.8340480923652649
80,Tree,0.6869218349456787
80,Illustration,0.6225569844245911
80,Beige,0.5993316173553467
80,Wood,0.5958532094955444
80,Rock,0.5422748923301697
80,Art,0.502187192440033
81,Drawing,0.8250590562820435
81,Sketch,0.7732500433921814
81,Tree,0.6869218349456787
81,Headgear,0.6747809648513794
81,Beige,0.6367136240005493
81,Illustration,0.6225569844245911
81,Wood,0.5958532094955444
81,Rock,0.5422748923301697
81,Art,0.502187192440033
82,Drawing,0.8127357363700867
82,Sketch,0.7831593751907349
82,Wood,0.5958532094955444
82,Illustration,0.5765818953514099
82,Beige,0.5484284162521362
82,Art,0.502187192440033
83,Drawing,0.8006102442741394
83,Sketch,0.7490517497062683
83,Wood,0.5958532094955444
83,Beige,0.5484284162521362
83,Trunk,0.5469489693641663
83,Illustration,0.5451834201812744
84,Drawing,0.7499530911445618
84,Tree,0.6869218349456787
84,Sketch,0.6827123761177063
84,Rock,0.6438128352165222
84,Wood,0.5958532094955444
84,Trunk,0.5889434814453125
84,Illustration,0.5451834201812744
84,Art,0.502187192440033
85,Drawing,0.8454797267913818
85,Sketch,0.7812252640724182
85,Illustration,0.6225569844245911
85,Trunk,0.5889434814453125
85,Rock,0.5422748923301697
85,Artwork,0.5107235908508301
85,Art,0.502187192440033
86,Drawing,0.8467711210250854
86,Sketch,0.7869599461555481
86,Tree,0.7469744682312012
86,Illustration,0.6688148975372314
86,Trunk,0.6058474779129028
86,Artwork,0.5337058305740356
86,Art,0.502187192440033
87,Drawing,0.7984194755554199
87,Sketch,0.6963261365890503
87,Tree,0.6869218349456787
87,Illustration,0.6225569844245911
87,Wood,0.5958532094955444
87,Trunk,0.5695573687553406
87,Rock,0.5422748923301697
87,Art,0.502187192440033
88,Drawing,0.849298357963562
88,Sketch,0.7732500433921814
88,Tree,0.6869218349456787
88,Illustration,0.6017356514930725
88,Trunk,0.5200017690658569
89,Drawing,0.8983084559440613
89,Sketch,0.8340480923652649
89,Illustration,0.7175435423851013
89,Tree,0.6869218349456787
89,Art,0.5813031792640686
89,Artwork,0.5519563555717468
90,Drawing,0.9076038002967834
90,Sketch,0.8711481094360352
90,Eye,0.7865645289421082
90,Illustration,0.7175435423851013
90,Self-portrait,0.6202866435050964
90,Portrait,0.5929054021835327
90,Art,0.5813031792640686
90,Artwork,0.5519563555717468
91,Drawing,0.8641695380210876
91,Sketch,0.8282833695411682
91,Illustration,0.7175435423851013
91,Art,0.5813031792640686
91,Self-portrait,0.5689290165901184
91,Fictional character,0.5279175639152527
91,Artwork,0.5107235908508301
92,Drawing,0.8401148915290833
92,Sketch,0.7772866487503052
92,Tree,0.7469744682312012
92,Poster,0.6736226081848145
92,Illustration,0.6402102112770081
92,Wood,0.5958532094955444
92,Trunk,0.5889434814453125
92,Art,0.502187192440033
93,Drawing,0.8343995213508606
93,Sketch,0.7831593751907349
93,Headgear,0.7111897468566895
93,Tree,0.6869218349456787
93,Illustration,0.6225569844245911
93,Personal protective equipment,0.5925366282463074
93,Trunk,0.5200017690658569
94,Drawing,0.8358637690544128
94,Sketch,0.7648624777793884
94,Headgear,0.7111897468566895
94,Illustration,0.6017356514930725
94,Wood,0.5958532094955444
94,Art,0.502187192440033
95,Drawing,0.852958083152771
95,Sketch,0.7960912585258484
95,Tree,0.7469744682312012
95,Trunk,0.6207850575447083
95,Wood,0.5958532094955444
95,Illustration,0.5765818953514099
95,Art,0.502187192440033
96,Drawing,0.760521650314331
96,Tree,0.6869218349456787
96,Sketch,0.655890703201294
96,Beige,0.6367136240005493
96,Wood,0.5958532094955444
96,Pattern,0.5630630254745483
96,Illustration,0.5451834201812744
96,Rock,0.5422748923301697
96,Trunk,0.5200017690658569
97,Drawing,0.8182293772697449
97,Sketch,0.7490517497062683
97,Tree,0.6869218349456787
97,Illustration,0.5451834201812744
97,Rock,0.5422748923301697
97,Art,0.502187192440033
98,Drawing,0.7145826816558838
98,Tree,0.6869218349456787
98,Sketch,0.5973607301712036
98,Illustration,0.5765818953514099
98,Beige,0.5484284162521362
98,Rock,0.5422748923301697
98,Art,0.502187192440033
99,Drawing,0.7034391760826111
99,Beige,0.6886644959449768
99,Tree,0.6869218349456787
99,Sketch,0.6030424237251282
99,Illustration,0.5451834201812744
99,Rock,0.5422748923301697
99,Art,0.502187192440033
100,Drawing,0.7145826816558838
100,Sketch,0.6754698753356934
100,Headgear,0.6747809648513794
100,Beige,0.5993316173553467
100,Rock,0.5422748923301697
100,Illustration,0.5040763020515442
101,Drawing,0.6608409881591797
101,Beige,0.6367136240005493
101,Sketch,0.5659633874893188
101,Illustration,0.5040763020515442
102,Leaf,0.7594611644744873
102,Beige,0.7076348066329956
102,Wood,0.5958532094955444
102,Drawing,0.5764970183372498
103,Beige,0.7235488295555115
103,Drawing,0.6198696494102478
103,Wood,0.5958532094955444
103,Pattern,0.5630630254745483
103,Illustration,0.5040763020515442
104,Drawing,0.6518564820289612
104,Beige,0.6367136240005493
104,Wood,0.5958532094955444
104,Sketch,0.5791703462600708
104,Rock,0.5422748923301697
104,Illustration,0.5040763020515442
105,Drawing,0.7145826816558838
105,Sketch,0.6384519934654236
105,Wood,0.5958532094955444
105,Rock,0.5422748923301697
105,Illustration,0.5040763020515442
106,Drawing,0.6909903883934021
106,Sketch,0.6338061094284058
106,Wood,0.5958532094955444
106,Rock,0.5422748923301697
106,Illustration,0.5040763020515442
107,Leaf,0.7594611644744873
107,Rock,0.6981205940246582
107,Tree,0.6869218349456787
107,Drawing,0.6769310235977173
107,Geology,0.6497763991355896
107,Sketch,0.608551025390625
107,Wood,0.5958532094955444
107,Beige,0.5484284162521362
108,Rock,0.6981205940246582
108,Tree,0.6869218349456787
108,Wood,0.6534817218780518
108,Geology,0.6497763991355896
108,Table,0.6379098296165466
108,Beige,0.5993316173553467
108,Drawing,0.5764970183372498
109,Leaf,0.7594611644744873
109,Rock,0.6438128352165222
109,Drawing,0.6070065498352051
109,Wood,0.5958532094955444
109,Beige,0.5484284162521362
109,Sketch,0.5196725130081177
110,Rock,0.6438128352165222
110,Drawing,0.6198696494102478
110,Wood,0.5958532094955444
110,Sketch,0.5659633874893188
110,Beige,0.5484284162521362
111,Leaf,0.8058615326881409
111,Beige,0.6367136240005493
111,Drawing,0.6198696494102478
111,Wood,0.5958532094955444
111,Rock,0.5422748923301697
111,Sketch,0.5196725130081177
112,Leaf,0.7594611644744873
112,Drawing,0.6769310235977173
112,Sketch,0.5973607301712036
112,Rock,0.5422748923301697
112,Illustration,0.5040763020515442
113,Leaf,0.8058615326881409
113,Drawing,0.6841849684715271
113,Sketch,0.6030424237251282
113,Beige,0.5484284162521362
113,Rock,0.5422748923301697
114,Yellow,0.8363301753997803
114,Leaf,0.8058615326881409
114,Drawing,0.7034391760826111
114,Sketch,0.6473897099494934
114,Pattern,0.5630630254745483
114,Turtle,0.5595926642417908
114,Beige,0.5484284162521362
114,Rock,0.5422748923301697
115,Yellow,0.8363301753997803
115,Leaf,0.7594611644744873
115,Rock,0.6981205940246582
115,Drawing,0.6841849684715271
115,Sketch,0.6516923308372498
115,Geology,0.6497763991355896
115,Pattern,0.5630630254745483
115,Tortoise,0.5036675333976746
116,Tortoise,0.7851099967956543
116,Turtle,0.7178438901901245
116,Geology,0.6796759366989136
116,Drawing,0.6608409881591797
116,Rock,0.6438128352165222
116,Sketch,0.6429780721664429
117,Yellow,0.8649448752403259
117,Leaf,0.7594611644744873
117,Turtle,0.6656447052955627
117,Drawing,0.6608409881591797
117,Geology,0.6497763991355896
117,Tortoise,0.6454249024391174
117,Rock,0.6438128352165222
117,Sketch,0.6290342211723328
117,Wood,0.5958532094955444
117,Pattern,0.5630630254745483
118,Yellow,0.8649448752403259
118,Leaf,0.8342376351356506
118,Beige,0.6886644959449768
118,Geology,0.6497763991355896
118,Rock,0.6438128352165222
118,Drawing,0.5764970183372498
118,Pattern,0.5630630254745483
118,Tortoise,0.5482150316238403
118,Turtle,0.513843834400177
119,Yellow,0.8363301753997803
119,Leaf,0.8058615326881409
119,Turtle,0.7691263556480408
119,Tortoise,0.7153517603874207
119,Sketch,0.693024754524231
119,Drawing,0.6909903883934021
119,Geology,0.6497763991355896
119,Rock,0.6438128352165222
119,Beige,0.6367136240005493
119,Pattern,0.5630630254745483
120,Turtle,0.9183990359306335
120,Tortoise,0.8763766884803772
120,Yellow,0.8363301753997803
120,Leaf,0.8058615326881409
120,Beige,0.6655752658843994
120,Drawing,0.6518564820289612
120,Rock,0.6438128352165222
120,Sea turtle,0.6279824376106262
120,Pattern,0.6189838647842407
120,Sketch,0.5973607301712036
121,Yellow,0.8363301753997803
121,Leaf,0.8058615326881409
121,Turtle,0.7835646867752075
121,Tortoise,0.7711043953895569
121,Drawing,0.6841849684715271
121,Sketch,0.6599893569946289
121,Geology,0.6497763991355896
121,Rock,0.6438128352165222
121,Beige,0.5993316173553467
121,Pattern,0.5630630254745483
122,Yellow,0.8649448752403259
122,Leaf,0.8342376351356506
122,Turtle,0.8293399214744568
122,Tortoise,0.7711043953895569
122,Rock,0.7335856556892395
122,Geology,0.7018249034881592
122,Drawing,0.6841849684715271
122,Sketch,0.655890703201294
122,Pattern,0.6189838647842407
122,Beige,0.5993316173553467
123,Leaf,0.8058615326881409
123,Turtle,0.7434172630310059
123,Tortoise,0.740666925907135
123,Geology,0.7018249034881592
123,Rock,0.6981205940246582
123,Drawing,0.642119824886322
123,Sketch,0.6290342211723328
123,Pattern,0.5630630254745483
123,Illustration,0.5040763020515442
124,Yellow,0.8363301753997803
124,Leaf,0.8342376351356506
124,Rock,0.7335856556892395
124,Geology,0.7333696484565735
124,Drawing,0.697394847869873
124,Sketch,0.671729326248169
124,Turtle,0.6557167768478394
124,Tortoise,0.6218680739402771
124,Pattern,0.5630630254745483
124,Beige,0.5484284162521362
125,Yellow,0.8363301753997803
125,Leaf,0.8058615326881409
125,Rock,0.7335856556892395
125,Geology,0.7333696484565735
125,Drawing,0.7293345928192139
125,Sketch,0.7206135392189026
125,Beige,0.5993316173553467
125,Pattern,0.5630630254745483
126,Tortoise,0.8920184969902039
126,Turtle,0.8808833956718445
126,Leaf,0.7594611644744873
126,Geology,0.7018249034881592
126,Rock,0.6981205940246582
126,Sketch,0.6862205266952515
126,Drawing,0.6841849684715271
126,Sea turtle,0.5982189178466797
126,Pattern,0.5630630254745483
126,Illustration,0.5040763020515442
127,Tortoise,0.8327917456626892
127,Turtle,0.7807685732841492
127,Sketch,0.7670003771781921
127,Leaf,0.7594611644744873
127,Drawing,0.757125735282898
127,Geology,0.6796759366989136
127,Rock,0.6438128352165222
127,Illustration,0.5451834201812744
127,Art,0.502187192440033
128,Sketch,0.8528682589530945
128,Drawing,0.8358637690544128
128,Leaf,0.7594611644744873
128,Rock,0.7591665983200073
128,Tortoise,0.7486063838005066
128,Geology,0.6796759366989136
128,Turtle,0.6056961417198181
128,Pattern,0.5630630254745483
128,Illustration,0.5040763020515442
128,Art,0.502187192440033
129,Leaf,0.8058615326881409
129,Sketch,0.75601726770401
129,Drawing,0.7536056637763977
129,Rock,0.6981205940246582
129,Tree,0.6869218349456787
129,Geology,0.6497763991355896
129,Tortoise,0.625927209854126
129,Pattern,0.5630630254745483
129,Illustration,0.5040763020515442
130,Sketch,0.839629054069519
130,Leaf,0.8342376351356506
130,Drawing,0.8199871778488159
130,Rock,0.7335856556892395
130,Geology,0.7018249034881592
130,Tortoise,0.5683453679084778
130,Pattern,0.5630630254745483
130,Illustration,0.5451834201812744
130,Trunk,0.5200017690658569
130,Art,0.502187192440033
131,Sketch,0.7960912585258484
131,Drawing,0.7890833616256714
131,Leaf,0.7594611644744873
131,Rock,0.7335856556892395
131,Geology,0.6796759366989136
131,Pattern,0.5630630254745483
131,Beige,0.5484284162521362
131,Illustration,0.5451834201812744
131,Art,0.502187192440033
132,Yellow,0.8363301753997803
132,Rock,0.8073183298110962
132,Leaf,0.8058615326881409
132,Sketch,0.7960912585258484
132,Drawing,0.7758903503417969
132,Design,0.7203227281570435
132,Geology,0.7192013263702393
132,Tree,0.6869218349456787
132,Pattern,0.6568126678466797
132,Beige,0.5484284162521362
133,Leaf,0.8342376351356506
133,Drawing,0.757125735282898
133,Sketch,0.7392742037773132
133,Rock,0.7335856556892395
133,Geology,0.6497763991355896
133,Tortoise,0.6218680739402771
133,Pattern,0.5630630254745483
133,Turtle,0.5524002313613892
134,Drawing,0.7813957333564758
134,Sketch,0.7626960277557373
134,Leaf,0.7594611644744873
134,Rock,0.7591665983200073
134,Geology,0.7192013263702393
134,Pattern,0.6189838647842407
134,Tortoise,0.5731813907623291
134,Trunk,0.5200017690658569
135,Drawing,0.8164358735084534
135,Sketch,0.8113487362861633
135,Leaf,0.8058615326881409
135,Geology,0.7192013263702393
135,Rock,0.6981205940246582
135,Tortoise,0.6775270104408264
135,Pattern,0.5630630254745483
136,Rock,0.8274685740470886
136,Sketch,0.8030468821525574
136,Drawing,0.7890833616256714
136,Leaf,0.7594611644744873
136,Geology,0.7452479600906372
136,Trunk,0.5889434814453125
136,Pattern,0.5630630254745483
136,Tortoise,0.5482150316238403
136,Illustration,0.5040763020515442
137,Yellow,0.8649448752403259
137,Sketch,0.8192569613456726
137,Rock,0.8181682229042053
137,Leaf,0.8058615326881409
137,Drawing,0.8006102442741394
137,Geology,0.7018249034881592
137,Tree,0.6869218349456787
137,Pattern,0.6189838647842407
137,Trunk,0.6058474779129028
137,Wood,0.5958532094955444
138,Sketch,0.8064176440238953
138,Drawing,0.7786838412284851
138,Rock,0.7591665983200073
138,Tree,0.7469744682312012
138,Trunk,0.6670812368392944
138,Tortoise,0.6528739929199219
138,Geology,0.6497763991355896
138,Wood,0.5958532094955444
138,Illustration,0.5040763020515442
139,Yellow,0.8649448752403259
139,Tortoise,0.8510924577713013
139,Sketch,0.8113487362861633
139,Leaf,0.8058615326881409
139,Rock,0.7944315671920776
139,Drawing,0.7938714623451233
139,Turtle,0.7328404188156128
139,Geology,0.6796759366989136
139,Pattern,0.6568126678466797
139,Trunk,0.6461594104766846
140,Sketch,0.7711935043334961
140,Drawing,0.7536056637763977
140,Rock,0.6981205940246582
140,Geology,0.6497763991355896
140,Tortoise,0.6093481183052063
140,Wood,0.5958532094955444
140,Art,0.5813031792640686
140,Pattern,0.5630630254745483
140,Trunk,0.5469489693641663
140,Illustration,0.5040763020515442
141,Sketch,0.8080776333808899
141,Drawing,0.7786838412284851
141,Tree,0.7469744682312012
141,Rock,0.7335856556892395
141,Trunk,0.6670812368392944
141,Geology,0.6497763991355896
141,Tortoise,0.6093481183052063
141,Wood,0.5958532094955444
141,Pattern,0.5630630254745483
141,Illustration,0.5451834201812744
142,Rock,0.8181682229042053
142,Tree,0.7783679962158203
142,Drawing,0.7499530911445618
142,Sketch,0.7367352843284607
142,Geology,0.7192013263702393
142,Trunk,0.7068870663642883
142,Pattern,0.6189838647842407
142,Wood,0.5958532094955444
142,Beige,0.5484284162521362
142,Tree stump,0.5374708771705627
143,Sketch,0.8603838086128235
143,Drawing,0.8576133251190186
143,Rock,0.8073183298110962
143,Tree,0.7783679962158203
143,Trunk,0.6847679615020752
143,Geology,0.6497763991355896
143,Illustration,0.5765818953514099
144,Rock,0.8426777720451355
144,Sketch,0.8113487362861633
144,Drawing,0.8088743686676025
144,Leaf,0.7594611644744873
144,Geology,0.6497763991355896
144,Pattern,0.6189838647842407
144,Trunk,0.5695573687553406
144,Tortoise,0.5376457571983337
144,Illustration,0.5040763020515442
145,Sketch,0.8437027931213379
145,Rock,0.8355575203895569
145,Drawing,0.8217105269432068
145,Tree,0.7783679962158203
145,Trunk,0.6847679615020752
145,Tortoise,0.6565280556678772
145,Geology,0.6497763991355896
145,Pattern,0.6189838647842407
145,Wood,0.5958532094955444
145,Illustration,0.5040763020515442
146,Rock,0.8827831745147705
146,Sketch,0.8711481094360352
146,Drawing,0.8517550230026245
146,Tree,0.7783679962158203
146,Trunk,0.6926558017730713
146,Geology,0.6796759366989136
146,Hand,0.6600293517112732
146,Pattern,0.6568126678466797
146,Branch,0.6203985214233398
146,Tortoise,0.5267134308815002
147,Rock,0.8978632092475891
147,Tree,0.864604651927948
147,Drawing,0.786591649055481
147,Trunk,0.7852090001106262
147,Sketch,0.7670003771781921
147,Branch,0.701134979724884
147,Geology,0.6796759366989136
147,Wood,0.6534817218780518
147,Pattern,0.6189838647842407
147,Tree stump,0.5525498986244202
148,Tree,0.8492692708969116
148,Rock,0.8426777720451355
148,Drawing,0.8387206792831421
148,Sketch,0.8297426104545593
148,Trunk,0.7579926252365112
148,Branch,0.6203985214233398
148,Wood,0.5958532094955444
148,Plant,0.585474967956543
148,Pattern,0.5630630254745483
148,Illustration,0.5040763020515442
149,Rock,0.876297652721405
149,Tree,0.8426233530044556
149,Drawing,0.8358637690544128
149,Sketch,0.8311896324157715
149,Trunk,0.7496988773345947
149,Hand,0.6600293517112732
149,Wood,0.6534817218780518
149,Geology,0.6497763991355896
149,Branch,0.6203985214233398
149,Pattern,0.5630630254745483
150,Sketch,0.8711481094360352
150,Drawing,0.852958083152771
150,Tree,0.7989127039909363
150,Rock,0.7335856556892395
150,Trunk,0.7133423686027527
150,Wood,0.5958532094955444
150,Art,0.5813031792640686
150,Pattern,0.5630630254745483
150,Illustration,0.5451834201812744
151,Rock,0.8490089774131775
151,Yellow,0.8363301753997803
151,Sketch,0.8297426104545593
151,Drawing,0.8250590562820435
151,Tree,0.7989127039909363
151,Trunk,0.7000086307525635
151,Pattern,0.6189838647842407
151,Illustration,0.5040763020515442
152,Drawing,0.8505352139472961
152,Sketch,0.845040500164032
152,Rock,0.7335856556892395
152,Pattern,0.6189838647842407
152,Art,0.5813031792640686
152,Trunk,0.5469489693641663
152,Illustration,0.5451834201812744
153,Sketch,0.8463684320449829
153,Drawing,0.8414872288703918
153,Tree,0.7989127039909363
153,Rock,0.7335856556892395
153,Trunk,0.6926558017730713
153,Hand,0.6600293517112732
153,Art,0.6253476738929749
153,Branch,0.6203985214233398
153,Wood,0.5958532094955444
153,Illustration,0.5765818953514099
154,Drawing,0.806878924369812
154,Sketch,0.7960912585258484
154,Tree,0.7469744682312012
154,Rock,0.7335856556892395
154,Pattern,0.6568126678466797
154,Art,0.6253476738929749
154,Beige,0.5484284162521362
154,Trunk,0.5469489693641663
154,Illustration,0.5040763020515442
155,Head,0.8762359619140625
155,Drawing,0.7938714623451233
155,Sketch,0.7906739115715027
155,Rock,0.7335856556892395
155,Art,0.655128538608551
155,Pattern,0.6189838647842407
155,Illustration,0.5765818953514099
155,Trunk,0.5469489693641663
156,Head,0.8842743635177612
156,Drawing,0.8454797267913818
156,Sketch,0.8423551321029663
156,Yellow,0.8363301753997803
156,Rock,0.6981205940246582
156,Hand,0.6600293517112732
156,Art,0.655128538608551
156,Pattern,0.6189838647842407
156,Illustration,0.5765818953514099
157,Drawing,0.8234007358551025
157,Sketch,0.7906739115715027
157,Art,0.7088651061058044
157,Tree,0.6869218349456787
157,Hand,0.6600293517112732
157,Rock,0.6438128352165222
157,Illustration,0.6402102112770081
157,Artwork,0.5107235908508301
158,Drawing,0.7700396180152893
158,Sketch,0.7288726568222046
158,Rock,0.6981205940246582
158,Hand,0.6969173550605774
158,Tree,0.6869218349456787
158,Art,0.6253476738929749
158,Illustration,0.6017356514930725
158,Trunk,0.5469489693641663
159,Head,0.8762359619140625
159,Drawing,0.8127357363700867
159,Sketch,0.7792679071426392
159,Tree,0.7469744682312012
159,Art,0.6772549152374268
159,Hand,0.6600293517112732
159,Illustration,0.6017356514930725
159,Trunk,0.5469489693641663
160,Tree,0.7469744682312012
160,Drawing,0.7422115206718445
160,Sketch,0.7089143395423889
160,Hand,0.6969173550605774
160,Art,0.6946530342102051
160,Rock,0.6438128352165222
160,Illustration,0.6402102112770081
161,Head,0.8762359619140625
161,Drawing,0.7786838412284851
161,Sketch,0.7605001926422119
161,Tree,0.7469744682312012
161,Art,0.6946530342102051
161,Rock,0.6438128352165222
161,Illustration,0.6017356514930725
161,Wood,0.5958532094955444
161,Portrait,0.5346903800964355
161,Trunk,0.5200017690658569
162,Tree,0.7469744682312012
162,Drawing,0.7197385430335999
162,Sketch,0.6791298389434814
162,Art,0.6772549152374268
162,Illustration,0.5765818953514099
162,Rock,0.5422748923301697
162,Trunk,0.5200017690658569
163,Drawing,0.7338131070137024
163,Sketch,0.7261655926704407
163,Art,0.6946530342102051
163,Illustration,0.6017356514930725
163,Rock,0.5422748923301697
163,Modern art,0.518736720085144
163,Portrait,0.5159003138542175
164,Tree,0.7783679962158203
164,Art,0.6772549152374268
164,Hand,0.6600293517112732
164,Rock,0.6438128352165222
164,Drawing,0.6198696494102478
164,Wood,0.5958532094955444
164,Modern art,0.5639094710350037
164,Sketch,0.5589917302131653
164,Illustration,0.5451834201812744
165,Tree,0.7783679962158203
165,Drawing,0.7091583609580994
165,Rock,0.6981205940246582
165,Hand,0.6969173550605774
165,Art,0.6946530342102051
165,Sketch,0.6473897099494934
165,Wood,0.5958532094955444
165,Trunk,0.5695573687553406
165,Illustration,0.5451834201812744
165,Modern art,0.531015932559967
166,Tree,0.7783679962158203
166,Rock,0.6981205940246582
166,Art,0.6772549152374268
166,Drawing,0.6608409881591797
166,Hand,0.6600293517112732
166,Wood,0.5958532094955444
166,Trunk,0.5889434814453125
166,Sketch,0.5589917302131653
166,Beige,0.5484284162521362
166,Illustration,0.5451834201812744
167,Tree,0.7469744682312012
167,Art,0.7088651061058044
167,Drawing,0.6518564820289612
167,Rock,0.6438128352165222
167,Sketch,0.6030424237251282
167,Wood,0.5958532094955444
167,Trunk,0.5469489693641663
167,Illustration,0.5451834201812744
168,Tree,0.8138649463653564
168,Drawing,0.6608409881591797
168,Art,0.655128538608551
168,Wood,0.6534817218780518
168,Trunk,0.6461594104766846
168,Rock,0.6438128352165222
168,Sketch,0.5914958119392395
168,Illustration,0.5451834201812744
169,Head,0.8762359619140625
169,Drawing,0.7638013362884521
169,Arm,0.7560437321662903
169,Tree,0.7469744682312012
169,Art,0.7310290336608887
169,Sketch,0.6896571516990662
169,Hand,0.6600293517112732
169,Modern art,0.6310682892799377
169,Illustration,0.6017356514930725
169,Portrait,0.5159003138542175
170,Tree,0.8254543542861938
170,Art,0.7207983136177063
170,Drawing,0.7034391760826111
170,Hand,0.6969173550605774
170,Sketch,0.6384519934654236
170,Trunk,0.6207850575447083
170,Wood,0.5958532094955444
170,Plant,0.585474967956543
170,Modern art,0.5831132531166077
170,Illustration,0.5451834201812744
171,Tree,0.8254543542861938
171,Drawing,0.7786838412284851
171,Sketch,0.7392742037773132
171,Art,0.7310290336608887
171,Hand,0.7216579914093018
171,Modern art,0.6570417881011963
171,Illustration,0.6017356514930725
171,Trunk,0.5889434814453125
171,Plant,0.585474967956543
172,Head,0.8762359619140625
172,Tree,0.8492692708969116
172,Drawing,0.786591649055481
172,Sketch,0.746661901473999
172,Art,0.7399447560310364
172,Modern art,0.73590087890625
172,Hand,0.6600293517112732
172,Trunk,0.6570878028869629
172,Illustration,0.6402102112770081
172,Branch,0.6203985214233398
173,Drawing,0.8127357363700867
173,Tree,0.7989127039909363
173,Sketch,0.7772866487503052
173,Hand,0.7216579914093018
173,Branch,0.701134979724884
173,Art,0.6772549152374268
173,Trunk,0.6058474779129028
173,Modern art,0.6005408763885498
173,Illustration,0.5765818953514099
174,Tree,0.8550311923027039
174,Drawing,0.806878924369812
174,Sketch,0.7670003771781921
174,Art,0.7310290336608887
174,Modern art,0.6991940140724182
174,Trunk,0.6847679615020752
174,Branch,0.6670128703117371
174,Illustration,0.6017356514930725
174,Wood,0.5958532094955444
175,Head,0.8947408199310303
175,Drawing,0.8631095886230469
175,Sketch,0.845040500164032
175,Tree,0.8138649463653564
175,Art,0.79967200756073
175,Modern art,0.73590087890625
175,Branch,0.7275006771087646
175,Illustration,0.6688148975372314
175,Portrait,0.6512343287467957
175,Self-portrait,0.6463988423347473
176,Head,0.8762359619140625
176,Tree,0.864604651927948
176,Drawing,0.8631095886230469
176,Sketch,0.8340480923652649
176,Modern art,0.7285016775131226
176,Trunk,0.7133423686027527
176,Art,0.7088651061058044
176,Branch,0.701134979724884
176,Illustration,0.6225569844245911
176,Portrait,0.5665907859802246
177,Head,0.8947408199310303
177,Drawing,0.8731912970542908
177,Sketch,0.8528682589530945
177,Tree,0.7989127039909363
177,Modern art,0.7124661207199097
177,Art,0.6946530342102051
177,Self-portrait,0.6604093313217163
177,Portrait,0.6430787444114685
177,Illustration,0.6402102112770081
177,Trunk,0.5889434814453125
178,Drawing,0.8865323662757874
178,Sketch,0.8528682589530945
178,Tree,0.8348216414451599
178,Self-portrait,0.6966801285743713
178,Art,0.6946530342102051
178,Portrait,0.6795573234558105
178,Modern art,0.6795055866241455
178,Illustration,0.6402102112770081
178,Plant,0.6244105100631714
178,Trunk,0.6058474779129028
179,Drawing,0.8731912970542908
179,Sketch,0.8340480923652649
179,Tree,0.7989127039909363
179,Modern art,0.7679527401924133
179,Self-portrait,0.7662072777748108
179,Art,0.7399447560310364
179,Portrait,0.7175087928771973
179,Illustration,0.7095673680305481
179,Plant,0.585474967956543
179,Painting,0.5714825391769409
180,Drawing,0.8898040056228638
180,Sketch,0.8528682589530945
180,Art,0.7856156826019287
180,Illustration,0.7682583928108215
180,Modern art,0.724654495716095
180,Self-portrait,0.6854312419891357
180,Portrait,0.6795573234558105
180,Hand,0.6600293517112732
180,Painting,0.5596415400505066
180,Artwork,0.5433015823364258
181,Drawing,0.837303876876831
181,Sketch,0.7812252640724182
181,Art,0.7088651061058044
181,Illustration,0.6912711262702942
181,Tree,0.6869218349456787
181,Modern art,0.6239132285118103
181,Self-portrait,0.5614257454872131
181,Portrait,0.5514674186706543
182,Tree,0.8550311923027039
182,Drawing,0.7840303778648376
182,Sketch,0.7058554887771606
182,Modern art,0.6945001482963562
182,Trunk,0.6926558017730713
182,Art,0.6772549152374268
182,Self-portrait,0.608697772026062
182,Illustration,0.6017356514930725
182,Portrait,0.5929054021835327
183,Nose,0.8419631719589233
183,Drawing,0.8108260035514832
183,Tree,0.7989127039909363
183,Sketch,0.7119176983833313
183,Art,0.7088651061058044
183,Modern art,0.6991940140724182
183,Portrait,0.6589163541793823
183,Self-portrait,0.6511939764022827
183,Illustration,0.6017356514930725
183,Trunk,0.5889434814453125
184,Tree,0.8348216414451599
184,Drawing,0.7984194755554199
184,Modern art,0.73590087890625
184,Art,0.7207983136177063
184,Sketch,0.7119176983833313
184,Self-portrait,0.6815075874328613
184,Trunk,0.6762722730636597
184,Portrait,0.6044750809669495
184,Illustration,0.5765818953514099
184,Painting,0.5470535159111023
185,Tree,0.8492692708969116
185,Drawing,0.7758903503417969
185,Modern art,0.7322490811347961
185,Art,0.7207983136177063
185,Sketch,0.6896571516990662
185,Trunk,0.6847679615020752
185,Illustration,0.6017356514930725
185,Wood,0.5958532094955444
185,Portrait,0.5803329944610596
185,Self-portrait,0.5689290165901184
186,Tree,0.864604651927948
186,Drawing,0.8358637690544128
186,Sketch,0.801335334777832
186,Modern art,0.7560171484947205
186,Art,0.7310290336608887
186,Trunk,0.6762722730636597
186,Hand,0.6600293517112732
186,Wood,0.5958532094955444
186,Plant,0.585474967956543
186,Illustration,0.5765818953514099
187,Drawing,0.8564721941947937
187,Sketch,0.8097212314605713
187,Tree,0.7989127039909363
187,Art,0.6772549152374268
187,Hand,0.6600293517112732
187,Modern art,0.6379411220550537
187,Illustration,0.6017356514930725
187,Trunk,0.5469489693641663
187,Artwork,0.5107235908508301
188,Drawing,0.8164358735084534
188,Tree,0.8138649463653564
188,Sketch,0.7648624777793884
188,Art,0.6946530342102051
188,Modern art,0.6686608791351318
188,Illustration,0.6017356514930725
188,Trunk,0.5469489693641663
189,Tree,0.8426233530044556
189,Drawing,0.8006102442741394
189,Sketch,0.746661901473999
189,Modern art,0.6991940140724182
189,Art,0.6772549152374268
189,Illustration,0.6554555892944336
189,Trunk,0.6207850575447083
189,Wood,0.5958532094955444
189,Plant,0.585474967956543
190,Drawing,0.8217105269432068
190,Tree,0.7989127039909363
190,Sketch,0.7943053245544434
190,Wood,0.6534817218780518
190,Art,0.6253476738929749
190,Trunk,0.5469489693641663
190,Illustration,0.5451834201812744
190,Rock,0.5422748923301697
190,Modern art,0.518736720085144
191,Drawing,0.8199871778488159
191,Tree,0.8138649463653564
191,Arm,0.7759444117546082
191,Sketch,0.746661901473999
191,Hand,0.6600293517112732
191,Art,0.655128538608551
191,Wood,0.6534817218780518
191,Trunk,0.6058474779129028
191,Modern art,0.5920312404632568
191,Illustration,0.5765818953514099
192,Drawing,0.8541450500488281
192,Sketch,0.8177047967910767
192,Tree,0.8138649463653564
192,Arm,0.7560437321662903
192,Hand,0.6600293517112732
192,Art,0.655128538608551
192,Wood,0.5958532094955444
192,Trunk,0.5889434814453125
192,Illustration,0.5451834201812744
192,Modern art,0.518736720085144
193,Drawing,0.7840303778648376
193,Tree,0.7469744682312012
193,Sketch,0.7367352843284607
193,Art,0.6772549152374268
193,Hand,0.6600293517112732
193,Wood,0.6534817218780518
193,Modern art,0.5535405278205872
193,Illustration,0.5451834201812744
194,Tree,0.7783679962158203
194,Drawing,0.7758903503417969
194,Arm,0.7560437321662903
194,Sketch,0.7089143395423889
194,Hand,0.6600293517112732
194,Wood,0.6534817218780518
194,Art,0.5813031792640686
194,Trunk,0.5469489693641663
194,Rock,0.5422748923301697
194,Illustration,0.5040763020515442
195,Drawing,0.828284502029419
195,Sketch,0.7960912585258484
195,Tree,0.7783679962158203
195,Hand,0.6600293517112732
195,Wood,0.6534817218780518
195,Art,0.5813031792640686
195,Trunk,0.5469489693641663
196,Arm,0.8031198978424072
196,Drawing,0.7786838412284851
196,Tree,0.7783679962158203
196,Sketch,0.7119176983833313
196,Hand,0.6600293517112732
196,Art,0.5813031792640686
196,Rock,0.5422748923301697
197,Drawing,0.8127357363700867
197,Sketch,0.7792679071426392
197,Arm,0.7560437321662903
197,Tree,0.7469744682312012
197,Hand,0.6969173550605774
197,Wood,0.5958532094955444
197,Art,0.5813031792640686
197,Beige,0.5484284162521362
197,Rock,0.5422748923301697
197,Trunk,0.5200017690658569
198,Drawing,0.837303876876831
198,Sketch,0.804740846157074
198,Tree,0.7989127039909363
198,Arm,0.7560437321662903
198,Hand,0.6600293517112732
198,Rock,0.6438128352165222
198,Wood,0.5958532094955444
198,Trunk,0.5889434814453125
198,Art,0.5813031792640686
198,Illustration,0.5040763020515442
199,Drawing,0.8480438590049744
199,Sketch,0.8207949995994568
199,Tree,0.7469744682312012
199,Hand,0.6600293517112732
199,Wood,0.6534817218780518
199,Beige,0.5993316173553467
199,Art,0.5813031792640686
199,Trunk,0.5695573687553406
199,Illustration,0.5040763020515442
200,Drawing,0.7961740493774414
200,Sketch,0.7711935043334961
200,Tree,0.7469744682312012
200,Hand,0.6600293517112732
200,Wood,0.6534817218780518
200,Rock,0.6438128352165222
200,Art,0.5813031792640686
200,Beige,0.5484284162521362
200,Trunk,0.5200017690658569
200,Illustration,0.5040763020515442
201,Drawing,0.8108260035514832
201,Sketch,0.7490517497062683
201,Wood,0.5958532094955444
201,Beige,0.5484284162521362
201,Illustration,0.5451834201812744
201,Art,0.502187192440033
202,Drawing,0.8250590562820435
202,Sketch,0.7943053245544434
202,Hand,0.6969173550605774
202,Rock,0.6438128352165222
202,Illustration,0.5765818953514099
202,Trunk,0.5200017690658569
202,Art,0.502187192440033
203,Sketch,0.8080776333808899
203,Drawing,0.8048377633094788
203,Tree,0.6869218349456787
203,Rock,0.6438128352165222
203,Wood,0.5958532094955444
203,Trunk,0.5695573687553406
203,Illustration,0.5451834201812744
204,Drawing,0.8006102442741394
204,Sketch,0.7850707769393921
204,Wood,0.5958532094955444
204,Illustration,0.5765818953514099
204,Beige,0.5484284162521362
204,Art,0.502187192440033
205,Drawing,0.7536056637763977
205,Sketch,0.7367352843284607
205,Tree,0.6869218349456787
205,Illustration,0.5765818953514099
205,Rock,0.5422748923301697
205,Art,0.502187192440033
206,Drawing,0.806878924369812
206,Sketch,0.797857940196991
206,Tree,0.6869218349456787
206,Wood,0.6534817218780518
206,Beige,0.5484284162521362
206,Illustration,0.5451834201812744
206,Art,0.502187192440033
207,Sketch,0.8711481094360352
207,Drawing,0.8609514236450195
207,Hand,0.6600293517112732
207,Illustration,0.5451834201812744
208,Sketch,0.8554063439369202
208,Drawing,0.844169020652771
208,Leaf,0.7594611644744873
208,Hand,0.6600293517112732
208,Pattern,0.6189838647842407
208,Beige,0.5484284162521362
208,Illustration,0.5451834201812744
208,Art,0.502187192440033
209,Drawing,0.832910418510437
209,Sketch,0.8238298296928406
209,Illustration,0.5451834201812744
209,Rock,0.5422748923301697
209,Art,0.502187192440033
210,Sketch,0.8340480923652649
210,Drawing,0.832910418510437
210,Pattern,0.6189838647842407
210,Art,0.5813031792640686
210,Rock,0.5422748923301697
210,Illustration,0.5040763020515442
211,Sketch,0.8890653848648071
211,Drawing,0.8822867274284363
211,Leaf,0.7594611644744873
211,Hand,0.6600293517112732
211,Rock,0.6438128352165222
211,Illustration,0.5451834201812744
212,Drawing,0.8127357363700867
212,Sketch,0.8080776333808899
212,Illustration,0.5765818953514099
212,Art,0.502187192440033
213,Sketch,0.8616085648536682
213,Drawing,0.8609514236450195
213,Illustration,0.5451834201812744
214,Sketch,0.8746163249015808
214,Drawing,0.8564721941947937
214,Leaf,0.7594611644744873
214,Illustration,0.5765818953514099
214,Pattern,0.5630630254745483
215,Sketch,0.8780305981636047
215,Drawing,0.8672768473625183
215,Hand,0.6600293517112732
215,Illustration,0.5040763020515442
216,Sketch,0.8382502198219299
216,Drawing,0.832910418510437
216,Hand,0.6600293517112732
216,Illustration,0.5040763020515442
217,Sketch,0.8382502198219299
217,Drawing,0.8313954472541809
217,Illustration,0.5451834201812744
218,Sketch,0.8965195417404175
218,Drawing,0.8769347071647644
218,Hand,0.6969173550605774
218,Illustration,0.5040763020515442
219,Sketch,0.86643385887146
219,Drawing,0.8553162813186646
219,Illustration,0.5451834201812744
220,Sketch,0.8922843337059021
220,Drawing,0.8702816367149353
220,Hand,0.6969173550605774
220,Facial hair,0.5552889108657837
220,Illustration,0.5451834201812744
221,Sketch,0.9099181890487671
221,Drawing,0.8881813287734985
221,Illustration,0.5765818953514099
222,Sketch,0.8476868271827698
222,Drawing,0.844169020652771
223,Sketch,0.8340480923652649
223,Drawing,0.8234007358551025
223,Illustration,0.5040763020515442
224,Sketch,0.8541415333747864
224,Drawing,0.8454797267913818
224,Leaf,0.7594611644744873
224,Hand,0.6969173550605774
224,Beige,0.5484284162521362
224,Illustration,0.5040763020515442
225,Sketch,0.826811671257019
225,Drawing,0.8234007358551025
225,Beige,0.5484284162521362
226,Sketch,0.8628258109092712
226,Drawing,0.8480438590049744
226,Leaf,0.7594611644744873
226,Rock,0.6981205940246582
226,Hand,0.6600293517112732
227,Sketch,0.8223191499710083
227,Drawing,0.8164358735084534
227,Illustration,0.5040763020515442
228,Sketch,0.8354599475860596
228,Drawing,0.8234007358551025
228,Hand,0.6600293517112732
229,Sketch,0.8368605971336365
229,Drawing,0.8199871778488159
230,Drawing,0.7758903503417969
230,Sketch,0.7691105008125305
230,Beige,0.5484284162521362
231,Sketch,0.8311896324157715
231,Drawing,0.8006102442741394
232,Sketch,0.7960912585258484
232,Drawing,0.7813957333564758
233,Sketch,0.7514069080352783
233,Drawing,0.7422115206718445
233,Illustration,0.5040763020515442
234,Sketch,0.839629054069519
234,Drawing,0.8164358735084534
234,Rock,0.6438128352165222
234,Illustration,0.5451834201812744
235,Sketch,0.8515863418579102
235,Drawing,0.8454797267913818
235,Rock,0.6438128352165222
235,Illustration,0.5040763020515442
236,Sketch,0.814556896686554
236,Drawing,0.8127357363700867
236,Hand,0.6969173550605774
236,Illustration,0.5451834201812744
237,Sketch,0.8097212314605713
237,Drawing,0.7915089130401611
237,Canidae,0.548865556716919
237,Bear,0.5474340915679932
237,Hound,0.5144323110580444
238,Sketch,0.8238298296928406
238,Drawing,0.8217105269432068
238,Canidae,0.5115145444869995
238,Hound,0.5002214908599854
239,Sketch,0.845040500164032
239,Drawing,0.8234007358551025
239,Illustration,0.5451834201812744
239,Bear,0.5209871530532837
240,Sketch,0.7960912585258484
240,Drawing,0.7915089130401611
240,Bear,0.5719131231307983
240,Canidae,0.548865556716919
240,Grizzly bear,0.5252302885055542
240,Illustration,0.5040763020515442
241,Sketch,0.8368605971336365
241,Drawing,0.8199871778488159
241,Grizzly bear,0.5912289023399353
241,Bear,0.5834820866584778
241,Illustration,0.5451834201812744
242,Sketch,0.8489958047866821
242,Drawing,0.828284502029419
242,Illustration,0.5451834201812744
242,Bear,0.5069499611854553
243,Drawing,0.8358637690544128
243,Sketch,0.8354599475860596
243,Bear,0.5537295341491699
243,Illustration,0.5040763020515442
244,Sketch,0.8192569613456726
244,Drawing,0.8108260035514832
244,Bear,0.7405418753623962
244,Grizzly bear,0.5978578329086304
244,Illustration,0.5451834201812744
245,Sketch,0.8354599475860596
245,Drawing,0.8343995213508606
245,Bear,0.6795209050178528
245,Illustration,0.5040763020515442
245,Grizzly bear,0.5004287362098694
246,Drawing,0.8048377633094788
246,Sketch,0.801335334777832
246,Bear,0.6835502982139587
246,Grizzly bear,0.5633596181869507
246,Illustration,0.5451834201812744
247,Bear,0.8012390732765198
247,Drawing,0.786591649055481
247,Sketch,0.7772866487503052
247,Grizzly bear,0.7069206833839417
247,Illustration,0.5451834201812744
248,Drawing,0.7758903503417969
248,Sketch,0.7514069080352783
248,Rock,0.6438128352165222
248,Illustration,0.5451834201812744
248,Bear,0.5140398144721985
249,Drawing,0.8146051168441772
249,Sketch,0.8129605054855347
249,Bear,0.7405418753623962
249,Grizzly bear,0.7023777961730957
249,Illustration,0.5040763020515442
250,Bear,0.7498701810836792
250,Grizzly bear,0.732536792755127
250,Drawing,0.7034391760826111
250,Sketch,0.6599893569946289
250,Illustration,0.5451834201812744
251,Bear,0.7241160273551941
251,Drawing,0.7091583609580994
251,Sketch,0.6827123761177063
251,Grizzly bear,0.6681446433067322
251,Illustration,0.5451834201812744
252,Bear,0.7373469471931458
252,Drawing,0.7197385430335999
252,Grizzly bear,0.6882439255714417
252,Sketch,0.6827123761177063
252,Illustration,0.5451834201812744
253,Drawing,0.8048377633094788
253,Sketch,0.7831593751907349
253,Illustration,0.5451834201812744
254,Drawing,0.7197385430335999
254,Sketch,0.6995635032653809
254,Bear,0.6448985934257507
254,Illustration,0.5765818953514099
254,Grizzly bear,0.5705363154411316
255,Bear,0.761741042137146
255,Drawing,0.6841849684715271
255,Sketch,0.6338061094284058
255,Grizzly bear,0.5844677686691284
255,Illustration,0.5765818953514099
256,Bear,0.6835502982139587
256,Drawing,0.642119824886322
256,Illustration,0.5451834201812744
256,Sketch,0.5442225337028503
256,Grizzly bear,0.5171307325363159
257,Drawing,0.697394847869873
257,Sketch,0.6290342211723328
257,Hare,0.5665541887283325
257,Illustration,0.5451834201812744
257,Frog,0.5261030793190002
257,Art,0.502187192440033
258,Bear,0.8083099126815796
258,Grizzly bear,0.7242990732192993
258,Drawing,0.7034391760826111
258,Sketch,0.6384519934654236
258,Illustration,0.5040763020515442
259,Drawing,0.7197385430335999
259,Sketch,0.6290342211723328
259,Illustration,0.5451834201812744
259,Bear,0.5410158634185791
259,Art,0.502187192440033
260,Drawing,0.7034391760826111
260,Sketch,0.5726841688156128
260,Bear,0.5410158634185791
261,Bear,0.8128880858421326
261,Drawing,0.7758903503417969
261,Grizzly bear,0.7284541726112366
261,Sketch,0.7206135392189026
262,Bear,0.6835502982139587
262,Drawing,0.6691721677780151
262,Grizzly bear,0.6169820427894592
262,Wildlife,0.5761504173278809
262,Sketch,0.5196725130081177
262,Illustration,0.5040763020515442
263,Bear,0.7588316798210144
263,Grizzly bear,0.7404910922050476
263,Drawing,0.697394847869873
263,Sketch,0.5196725130081177
264,Drawing,0.6608409881591797
264,Grizzly bear,0.5978578329086304
264,Bear,0.5344712138175964
264,Sketch,0.5196725130081177
264,Illustration,0.5040763020515442
265,Drawing,0.7499530911445618
265,Bear,0.6670505404472351
265,Sketch,0.608551025390625
265,Toad,0.5999511480331421
265,Frog,0.5912549495697021
265,Amphibian,0.5296977758407593
265,True frog,0.5222057104110718
265,Illustration,0.5040763020515442
266,Drawing,0.7638013362884521
266,Sketch,0.5973607301712036
266,Tapir,0.5340514779090881
266,Marine mammal,0.524400532245636
266,Grizzly bear,0.5171307325363159
267,Drawing,0.7786838412284851
267,Sketch,0.6516923308372498
267,Marine mammal,0.6098677515983582
267,Frog,0.5397194027900696
267,Amphibian,0.5296977758407593
267,Illustration,0.5040763020515442
268,Drawing,0.7536056637763977
268,Bear,0.6053969264030457
268,Illustration,0.6017356514930725
268,Sketch,0.5914958119392395
268,Grizzly bear,0.5912289023399353
268,Marine mammal,0.5041636824607849
269,Drawing,0.7840303778648376
269,Marine mammal,0.686719536781311
269,Sketch,0.6679047346115112
269,Illustration,0.6225569844245911
269,Art,0.5813031792640686
269,Bearded Seal,0.5318329334259033
269,Beaver,0.5191342830657959
270,Drawing,0.786591649055481
270,Marine mammal,0.7631938457489014
270,Sketch,0.6429780721664429
270,Bearded Seal,0.6031224727630615
270,Illustration,0.5451834201812744
271,Drawing,0.7338131070137024
271,Marine mammal,0.6397585272789001
271,Sketch,0.5914958119392395
271,Art,0.502187192440033
272,Drawing,0.7638013362884521
272,Sketch,0.6473897099494934
272,Bear,0.640247642993927
272,Marine mammal,0.5729197859764099
273,Drawing,0.7669718265533447
273,Tapir,0.688248872756958
273,Sketch,0.6679047346115112
273,Bear,0.6670505404472351
274,Bear,0.7914102673530579
274,Drawing,0.7813957333564758
274,Sketch,0.6963261365890503
274,Grizzly bear,0.6520542502403259
274,Frog,0.5829776525497437
274,Amphibian,0.5157396793365479
274,Illustration,0.5040763020515442
275,Drawing,0.8313954472541809
275,Sketch,0.7831593751907349
275,Tapir,0.7073695063591003
275,Bear,0.589109480381012
275,Marine mammal,0.5682176947593689
275,Illustration,0.5040763020515442
276,Drawing,0.757125735282898
276,Sketch,0.663992702960968
276,Tapir,0.5839247703552246
276,Marine mammal,0.5531942844390869
276,Illustration,0.5040763020515442
277,Drawing,0.8234007358551025
277,Sketch,0.7691105008125305
277,Tapir,0.697904646396637
277,Bear,0.625819981098175
277,Grizzly bear,0.6107314229011536
277,Amphibian,0.510862410068512
277,Beaver,0.5068508982658386
277,Illustration,0.5040763020515442
278,Drawing,0.837303876876831
278,Sketch,0.7605001926422119
278,Illustration,0.5765818953514099
278,Tapir,0.5383778810501099
279,Drawing,0.8234007358551025
279,Sketch,0.7582741975784302
279,Tapir,0.5957279801368713
279,Illustration,0.5040763020515442
280,Drawing,0.7669718265533447
280,Sketch,0.6896571516990662
280,Amphibian,0.5739452838897705
280,Frog,0.5574069023132324
280,Illustration,0.5451834201812744
281,Drawing,0.7638013362884521
281,Sketch,0.6896571516990662
281,Illustration,0.5451834201812744
281,Marine mammal,0.524400532245636
282,Drawing,0.7700396180152893
282,Sketch,0.7367352843284607
282,Illustration,0.5451834201812744
283,Drawing,0.8127357363700867
283,Sketch,0.7792679071426392
283,Illustration,0.5040763020515442
284,Drawing,0.8048377633094788
284,Sketch,0.7711935043334961
284,Amphibian,0.6103547811508179
284,Frog,0.5214958190917969
284,Art,0.502187192440033
285,Drawing,0.8048377633094788
285,Sketch,0.7582741975784302
286,Drawing,0.8358637690544128
286,Sketch,0.8097212314605713
286,Illustration,0.5451834201812744
287,Drawing,0.8199871778488159
287,Sketch,0.7996058464050293
287,Fish,0.5119314193725586
287,Illustration,0.5040763020515442
288,Drawing,0.8298537731170654
288,Sketch,0.797857940196991
288,Fish,0.5045087337493896
288,Illustration,0.5040763020515442
289,Drawing,0.8387206792831421
289,Sketch,0.8326247334480286
289,Fish,0.5190628170967102
289,Illustration,0.5040763020515442
290,Drawing,0.8505352139472961
290,Sketch,0.8192569613456726
290,Tortoise,0.5036675333976746
291,Drawing,0.8576133251190186
291,Sketch,0.8515863418579102
291,Fish,0.6301284432411194
291,Illustration,0.5765818953514099
292,Drawing,0.8266866207122803
292,Sketch,0.8129605054855347
292,Fish,0.5389123558998108
293,Drawing,0.8505352139472961
293,Sketch,0.8238298296928406
293,Illustration,0.5040763020515442
294,Drawing,0.904818058013916
294,Sketch,0.9017324447631836
294,Tortoise,0.5533700585365295
294,Artwork,0.5107235908508301
294,Illustration,0.5040763020515442
295,Drawing,0.8553162813186646
295,Sketch,0.8423551321029663
295,Fish,0.5567909479141235
295,Illustration,0.5451834201812744
296,Sketch,0.885806679725647
296,Drawing,0.8848559260368347
296,Artwork,0.5107235908508301
296,Illustration,0.5040763020515442
297,Drawing,0.8921912908554077
297,Sketch,0.8901426196098328
297,Artwork,0.5519563555717468
297,Illustration,0.5451834201812744
298,Sketch,0.927918553352356
298,Drawing,0.9182255268096924
298,Leaf,0.7594611644744873
298,Rock,0.6981205940246582
298,Artwork,0.5433015823364258
298,Illustration,0.5040763020515442
298,Art,0.502187192440033
299,Drawing,0.8692909479141235
299,Sketch,0.8676224946975708
299,Illustration,0.6017356514930725
299,Artwork,0.5229488015174866
299,Art,0.502187192440033
300,Sketch,0.8802785277366638
300,Drawing,0.8609514236450195
300,Fish,0.6610251665115356
301,Sketch,0.8688043355941772
301,Drawing,0.8672768473625183
301,Geology,0.6796759366989136
301,Rock,0.6438128352165222
301,Illustration,0.5451834201812744
301,Artwork,0.5337058305740356
302,Sketch,0.8890653848648071
302,Drawing,0.8692909479141235
302,Geology,0.6497763991355896
302,Artwork,0.5229488015174866
302,Illustration,0.5040763020515442
303,Sketch,0.8768982887268066
303,Drawing,0.8702816367149353
303,Geology,0.7720815539360046
303,Rock,0.7335856556892395
303,Artwork,0.5229488015174866
303,Illustration,0.5040763020515442
303,Art,0.502187192440033
304,Sketch,0.8628258109092712
304,Drawing,0.8576133251190186
304,Leaf,0.7594611644744873
304,Tree,0.6869218349456787
304,Geology,0.6796759366989136
304,Illustration,0.5451834201812744
304,Rock,0.5422748923301697
304,Artwork,0.5229488015174866
304,Art,0.502187192440033
305,Sketch,0.8944096565246582
305,Drawing,0.8787521123886108
305,Geology,0.7018249034881592
305,Tree,0.6869218349456787
305,Rock,0.6438128352165222
305,Artwork,0.5519563555717468
305,Illustration,0.5040763020515442
306,Sketch,0.873466432094574
306,Drawing,0.8702816367149353
306,Rock,0.5422748923301697
306,Artwork,0.5337058305740356
306,Illustration,0.5040763020515442
306,Art,0.502187192440033
307,Sketch,0.8836105465888977
307,Drawing,0.8682894706726074
307,Artwork,0.5229488015174866
307,Illustration,0.5040763020515442
307,Art,0.502187192440033
308,Sketch,0.8901426196098328
308,Drawing,0.8760127425193787
308,Rock,0.5422748923301697
308,Artwork,0.5337058305740356
308,Illustration,0.5040763020515442
309,Drawing,0.832910418510437
309,Sketch,0.8113487362861633
309,Geology,0.7018249034881592
309,Rock,0.6438128352165222
309,Illustration,0.5765818953514099
309,Artwork,0.5107235908508301
309,Art,0.502187192440033
310,Drawing,0.8873602151870728
310,Sketch,0.8836105465888977
310,Tree,0.6869218349456787
310,Rock,0.6438128352165222
310,Plant,0.585474967956543
311,Drawing,0.8564721941947937
311,Sketch,0.845040500164032
311,Tree,0.6869218349456787
311,Geology,0.6497763991355896
311,Rock,0.6438128352165222
311,Artwork,0.5107235908508301
311,Art,0.502187192440033
312,Drawing,0.8587399125099182
312,Sketch,0.8382502198219299
312,Geology,0.6796759366989136
312,Pattern,0.5630630254745483
312,Rock,0.5422748923301697
312,Artwork,0.5229488015174866
312,Art,0.502187192440033
313,Drawing,0.8672768473625183
313,Sketch,0.8579110503196716
313,Geology,0.7333696484565735
313,Rock,0.6438128352165222
313,Artwork,0.5107235908508301
313,Art,0.502187192440033
314,Sketch,0.8616085648536682
314,Drawing,0.849298357963562
314,Geology,0.7018249034881592
314,Tree,0.6869218349456787
314,Rock,0.6438128352165222
314,Art,0.502187192440033
315,Drawing,0.904818058013916
315,Sketch,0.8996573686599731
315,Tree,0.6869218349456787
315,Geology,0.6796759366989136
315,Rock,0.5422748923301697
315,Artwork,0.5107235908508301
315,Art,0.502187192440033
316,Drawing,0.871261715888977
316,Sketch,0.8640356659889221
316,Geology,0.6796759366989136
316,Artwork,0.5229488015174866
316,Art,0.502187192440033
317,Drawing,0.8937532305717468
317,Sketch,0.8933489918708801
317,Tree,0.6869218349456787
317,Geology,0.6497763991355896
317,Rock,0.6438128352165222
317,Pattern,0.5630630254745483
317,Beige,0.5484284162521362
317,Artwork,0.5107235908508301
317,Illustration,0.5040763020515442
317,Art,0.502187192440033
318,Drawing,0.8750816583633423
318,Sketch,0.8566627502441406
318,Leaf,0.7594611644744873
318,Geology,0.6497763991355896
318,Illustration,0.5451834201812744
318,Art,0.502187192440033
319,Sketch,0.8515863418579102
319,Drawing,0.8480438590049744
319,Art,0.5813031792640686
319,Illustration,0.5451834201812744
319,Rock,0.5422748923301697
319,Artwork,0.5107235908508301
320,Drawing,0.8750816583633423
320,Sketch,0.8723104000091553
320,Geology,0.7192013263702393
320,Tree,0.6869218349456787
320,Rock,0.6438128352165222
320,Artwork,0.5337058305740356
320,Illustration,0.5040763020515442
320,Art,0.502187192440033
321,Sketch,0.8757601976394653
321,Drawing,0.8598524928092957
321,Tree,0.6869218349456787
321,Geology,0.6497763991355896
321,Rock,0.6438128352165222
321,Illustration,0.5040763020515442
322,Drawing,0.8814151287078857
322,Sketch,0.8813943862915039
322,Tree,0.6869218349456787
322,Geology,0.6497763991355896
322,Rock,0.6438128352165222
322,Illustration,0.5451834201812744
322,Art,0.502187192440033
323,Sketch,0.8879837393760681
323,Drawing,0.8731912970542908
323,Illustration,0.5040763020515442
324,Sketch,0.8688043355941772
324,Drawing,0.8553162813186646
324,Tree,0.6869218349456787
324,Illustration,0.5765818953514099
324,Rock,0.5422748923301697
325,Drawing,0.8865323662757874
325,Sketch,0.885806679725647
325,Tree,0.6869218349456787
325,Illustration,0.5765818953514099
325,Rock,0.5422748923301697
326,Sketch,0.8836105465888977
326,Drawing,0.8778477311134338
326,Rock,0.7335856556892395
326,Illustration,0.5451834201812744
326,Trunk,0.5200017690658569
327,Sketch,0.9048222303390503
327,Drawing,0.8906058669090271
327,Illustration,0.5040763020515442
328,Drawing,0.862036943435669
328,Sketch,0.8515863418579102
328,Tree,0.7783679962158203
328,Rock,0.7335856556892395
328,Geology,0.6497763991355896
328,Trunk,0.6058474779129028
328,Beige,0.5484284162521362
328,Illustration,0.5451834201812744
329,Head,0.8762359619140625
329,Sketch,0.8437027931213379
329,Drawing,0.837303876876831
329,Rock,0.6438128352165222
329,Illustration,0.5451834201812744
330,Head,0.8762359619140625
330,Drawing,0.8146051168441772
330,Sketch,0.801335334777832
330,Rock,0.7335856556892395
330,Canidae,0.5958979725837708
330,Hound,0.56656414270401
331,Head,0.8762359619140625
331,Drawing,0.8541450500488281
331,Sketch,0.8311896324157715
331,Rock,0.6981205940246582
331,Art,0.5813031792640686
331,Illustration,0.5040763020515442
331,Hound,0.5031570196151733
332,Drawing,0.888995885848999
332,Sketch,0.8836105465888977
332,Rock,0.7335856556892395
332,Canidae,0.5249890089035034
332,Trunk,0.5200017690658569
333,Drawing,0.8682894706726074
333,Sketch,0.8616085648536682
333,Canidae,0.5249890089035034
333,Illustration,0.5040763020515442
334,Head,0.8842743635177612
334,Drawing,0.8731912970542908
334,Sketch,0.8723104000091553
334,Canidae,0.7789115309715271
334,Whippet,0.7034524083137512
334,Greyhound,0.6814441084861755
334,Lion,0.6509100198745728
334,Carnivore,0.6272251605987549
334,Hound,0.5845458507537842
334,Sighthound,0.5794247984886169
335,Head,0.8984001874923706
335,Drawing,0.8598524928092957
335,Sketch,0.8528682589530945
335,Illustration,0.5040763020515442
336,Drawing,0.8048377633094788
336,Sketch,0.7711935043334961
336,Rock,0.6981205940246582
336,Wood,0.5958532094955444
336,Trunk,0.5469489693641663
336,Art,0.502187192440033
337,Head,0.9039563536643982
337,Drawing,0.8662528395652771
337,Sketch,0.8476868271827698
337,Nose,0.8419631719589233
337,Art,0.6253476738929749
337,Illustration,0.5765818953514099
338,Head,0.9039563536643982
338,Drawing,0.8652172088623047
338,Sketch,0.8502956032752991
338,Wood,0.6534817218780518
338,Rock,0.6438128352165222
338,Art,0.5813031792640686
338,Illustration,0.5451834201812744
339,Head,0.9039563536643982
339,Drawing,0.8414872288703918
339,Sketch,0.8129605054855347
339,Rock,0.6438128352165222
339,Art,0.6253476738929749
339,Wood,0.5958532094955444
339,Illustration,0.5765818953514099
340,Head,0.9014164209365845
340,Drawing,0.8865323662757874
340,Sketch,0.8847110271453857
340,Nose,0.8419631719589233
340,Rock,0.6438128352165222
340,Wood,0.5958532094955444
340,Art,0.5813031792640686
340,Illustration,0.5765818953514099
340,Canidae,0.5373899340629578
340,Artwork,0.5107235908508301
341,Head,0.8984001874923706
341,Sketch,0.8933489918708801
341,Drawing,0.884006917476654
341,Rock,0.6438128352165222
341,Wood,0.5958532094955444
341,Art,0.5813031792640686
341,Illustration,0.5765818953514099
342,Head,0.9136703014373779
342,Drawing,0.8945257067680359
342,Sketch,0.8802785277366638
342,Nose,0.8419631719589233
342,Art,0.6772549152374268
342,Illustration,0.6554555892944336
342,Wood,0.5958532094955444
342,Horse,0.5695405602455139
342,Artwork,0.5229488015174866
342,Ear,0.5123199820518494
343,Head,0.8901773691177368
343,Drawing,0.8387206792831421
343,Sketch,0.826811671257019
343,Tree,0.6869218349456787
343,Art,0.655128538608551
343,Wood,0.5958532094955444
343,Illustration,0.5765818953514099
343,Fictional character,0.5279175639152527
344,Head,0.8901773691177368
344,Drawing,0.8750816583633423
344,Sketch,0.873466432094574
344,Tree,0.6869218349456787
344,Art,0.655128538608551
344,Illustration,0.6225569844245911
344,Rock,0.5422748923301697
344,Artwork,0.5337058305740356
344,Fictional character,0.5279175639152527
345,Head,0.9174805283546448
345,Drawing,0.883150577545166
345,Sketch,0.8579110503196716
345,Nose,0.8419631719589233
345,Art,0.7088651061058044
345,Illustration,0.6806615591049194
345,Wood,0.6534817218780518
345,Self-portrait,0.5455089807510376
345,Artwork,0.5433015823364258
345,Portrait,0.5346903800964355
346,Head,0.9080222845077515
346,Drawing,0.9026874303817749
346,Sketch,0.8965195417404175
346,Nose,0.8419631719589233
346,Art,0.7399447560310364
346,Illustration,0.7008524537086487
346,Wood,0.5958532094955444
346,Modern art,0.5920312404632568
346,Artwork,0.5911034345626831
346,Fictional character,0.5279175639152527
347,Head,0.9014164209365845
347,Drawing,0.8313954472541809
347,Sketch,0.7812252640724182
347,Art,0.7207983136177063
347,Illustration,0.6402102112770081
347,Modern art,0.5639094710350037
347,Rock,0.5422748923301697
347,Fictional character,0.5279175639152527
348,Head,0.9014164209365845
348,Drawing,0.8769347071647644
348,Sketch,0.839629054069519
348,Art,0.7207983136177063
348,Illustration,0.6225569844245911
348,Wood,0.5958532094955444
348,Artwork,0.5229488015174866
348,Modern art,0.5056807994842529
348,Horse,0.5046104788780212
349,Head,0.9136703014373779
349,Drawing,0.9012458920478821
349,Sketch,0.8723104000091553
349,Nose,0.8419631719589233
349,Art,0.7548457980155945
349,Illustration,0.7316700220108032
349,Modern art,0.6686608791351318
349,Horse,0.6309890151023865
349,Wood,0.5958532094955444
349,Self-portrait,0.5761553645133972
350,Head,0.9166451692581177
350,Drawing,0.8983084559440613
350,Sketch,0.8723104000091553
350,Nose,0.8419631719589233
350,Horse,0.7803153991699219
350,Illustration,0.7316700220108032
350,Art,0.7207983136177063
350,Wood,0.6534817218780518
350,Modern art,0.6310682892799377
350,Stallion,0.5519943237304688
351,Head,0.9111586213111877
351,Horse,0.903384268283844
351,Drawing,0.9005184769630432
351,Sketch,0.8723104000091553
351,Art,0.7207983136177063
351,Illustration,0.6806615591049194
351,Mane,0.6583789587020874
351,Modern art,0.6570417881011963
351,Stallion,0.647361695766449
351,Artwork,0.5961909294128418
352,Head,0.9224217534065247
352,Horse,0.9185394048690796
352,Drawing,0.9076038002967834
352,Nose,0.8868343830108643
352,Sketch,0.8640356659889221
352,Art,0.7310290336608887
352,Mane,0.7047818899154663
352,Stallion,0.6831912398338318
352,Illustration,0.6688148975372314
352,Modern art,0.6509119272232056
353,Horse,0.9318059086799622
353,Head,0.9245297312736511
353,Drawing,0.9089747667312622
353,Nose,0.9069914221763611
353,Sketch,0.8652383089065552
353,Stallion,0.7122257351875305
353,Mane,0.7047818899154663
353,Art,0.6946530342102051
353,Modern art,0.6741744875907898
353,Illustration,0.6688148975372314
354,Horse,0.9229952096939087
354,Head,0.9196423292160034
354,Nose,0.8868343830108643
354,Drawing,0.884006917476654
354,Sketch,0.8253272175788879
354,Modern art,0.7322490811347961
354,Mane,0.7213492393493652
354,Illustration,0.7095673680305481
354,Art,0.7088651061058044
354,Stallion,0.7069389224052429
355,Horse,0.9229952096939087
355,Head,0.9157389998435974
355,Drawing,0.911676287651062
355,Sketch,0.8711481094360352
355,Nose,0.8419631719589233
355,Modern art,0.7621174454689026
355,Mane,0.7511951327323914
355,Art,0.7399447560310364
355,Stallion,0.7344798445701599
355,Illustration,0.7316700220108032
356,Drawing,0.9331455826759338
356,Head,0.9267772436141968
356,Horse,0.9259459972381592
356,Sketch,0.9006965160369873
356,Nose,0.8699295520782471
356,Art,0.761177122592926
356,Mane,0.7531842589378357
356,Modern art,0.7496305108070374
356,Stallion,0.7311168313026428
356,Illustration,0.7095673680305481
357,Horse,0.9419549107551575
357,Head,0.9245297312736511
357,Drawing,0.9226685166358948
357,Sketch,0.879157304763794
357,Nose,0.8419631719589233
357,Mane,0.69728022813797
357,Art,0.6946530342102051
357,Illustration,0.6912711262702942
357,Stallion,0.6774863600730896
357,Artwork,0.656899094581604
358,Horse,0.9738706946372986
358,Head,0.9061321020126343
358,Drawing,0.8865323662757874
358,Mane,0.8423313498497009
358,Sketch,0.7869599461555481
358,Stallion,0.7624269723892212
358,Mustang horse,0.7514888048171997
358,Pony,0.6766770482063293
358,Mare,0.6666690707206726
358,Art,0.655128538608551
359,Horse,0.9505910277366638
359,Head,0.9014164209365845
359,Drawing,0.8881813287734985
359,Nose,0.8419631719589233
359,Sketch,0.7996058464050293
359,Mane,0.7571120262145996
359,Stallion,0.7226184606552124
359,Art,0.6772549152374268
359,Illustration,0.6554555892944336
359,Mustang horse,0.6172671914100647
